zillowmsaid,zillowmetroname,zillowmetrostate,cbsacode,cbsaname,cbsastate,cbsamissinginzillow
102001,United States,-,99999,United States,,
394327,Anchorage,AK,11260,Anchorage,AK,
394580,Fairbanks,AK,21820,Fairbanks,AK,
394730,Juneau,AK,27940,Juneau,AK,
394743,Ketchikan,AK,28540,Ketchikan,AK,
394311,Albertville,AL,10700,Albertville,AL,
,,,10760,Alexander City,AL,Yes
394333,Anniston,AL,11500,Anniston-Oxford-Jacksonville,AL,
,,,12120,Atmore,AL,Yes
394351,Auburn,AL,12220,Auburn-Opelika,AL,
394388,Birmingham,AL,13820,Birmingham-Hoover,AL,
394511,Cullman,AL,18980,Cullman,AL,
394519,Daphne,AL,19300,Daphne-Fairhope-Foley,AL,
394523,Decatur,AL,19460,Decatur,AL,
394537,Dothan,AL,20020,Dothan,AL,
394571,Enterprise,AL,21460,Enterprise,AL,
394598,Florence,AL,22520,Florence-Muscle Shoals,AL,
,,,22840,Fort Payne,AL,Yes
394620,Gadsden,AL,23460,Gadsden,AL,
394698,Huntsville,AL,26620,Huntsville,AL,
394870,Mobile,AL,33660,Mobile,AL,
394875,Montgomery,AL,33860,Montgomery,AL,
753911,Ozark,AL,37120,Ozark,AL,
395073,Scottsboro,AL,42460,Scottsboro,AL,
395083,Selma,AL,42820,Selma,AL,
395145,Talladega,AL,45180,Talladega-Sylacauga,AL,
395165,Troy,AL,45980,Troy,AL,
395171,Tuscaloosa,AL,46220,Tuscaloosa,AL,
395184,Valley,AL,46740,Valley,AL,
394337,Arkadelphia,AR,11660,Arkadelphia,AR,
394366,Batesville,AR,12900,Batesville,AR,
394397,Blytheville,AR,14180,Blytheville,AR,
394435,Camden,AR,15780,Camden,AR,
394560,El Dorado,AR,20980,El Dorado,AR,
394590,Fayetteville,AR,22220,Fayetteville-Springdale-Rogers,AR,
394601,Forrest City,AR,22620,Forrest City,AR,
394609,Fort Smith,AR,22900,Fort Smith,AR,
394667,Harrison,AR,25460,Harrison,AR,
394676,Helena,AR,25760,Helena-West Helena,AR,
,,,26260,Hope,AR,Yes
394689,Hot Springs,AR,26300,Hot Springs,AR,
394728,Jonesboro,AR,27860,Jonesboro,AR,
394798,Little Rock,AR,30780,Little Rock-North Little Rock-Conway,AR,
394818,Magnolia,AR,31620,Magnolia,AR,
753902,Malvern,AR,31680,Malvern,AR,
394891,Mountain Home,AR,34260,Mountain Home,AR,
394961,Paragould,AR,37500,Paragould,AR,
394980,Pine Bluff,AR,38220,Pine Bluff,AR,
395042,Russellville,AR,40780,Russellville,AR,
395077,Searcy,AR,42620,Searcy,AR,
394595,Flagstaff,AZ,22380,Flagstaff,AZ,
394765,Lake Havasu City,AZ,29420,Lake Havasu City-Kingman,AZ,
394918,Nogales,AZ,35700,Nogales,AZ,
394967,Payson,AZ,37740,Payson,AZ,
394976,Phoenix,AZ,38060,Phoenix-Mesa-Scottsdale,AZ,
395002,Prescott,AZ,39140,Prescott,AZ,
395046,Safford,AZ,40940,Safford,AZ,
395095,Show Low,AZ,43320,Show Low,AZ,
395098,Sierra Vista,AZ,43420,Sierra Vista-Douglas,AZ,
395167,Tucson,AZ,46060,Tucson,AZ,
395247,Yuma,AZ,49740,Yuma,AZ,
394357,Bakersfield,CA,12540,Bakersfield,CA,
394464,Chico,CA,17020,Chico,CA,
394472,Clearlake,CA,17340,Clearlake,CA,
394508,Crescent City,CA,18860,Crescent City,CA,
394559,El Centro,CA,20940,El Centro,CA,
394577,Eureka,CA,21700,Eureka-Arcata-Fortuna,CA,
394619,Fresno,CA,23420,Fresno,CA,
394662,Hanford,CA,25260,Hanford-Corcoran,CA,
753899,Los Angeles-Long Beach-Anaheim,CA,31080,Los Angeles-Long Beach-Anaheim,CA,
394814,Madera,CA,31460,Madera,CA,
394851,Merced,CA,32900,Merced,CA,
394871,Modesto,CA,33700,Modesto,CA,
394900,Napa,CA,34900,Napa,CA,
395016,Red Bluff,CA,39780,Red Bluff,CA,
395018,Redding,CA,39820,Redding,CA,
395025,Riverside,CA,40140,Riverside-San Bernardino-Ontario,CA,
395045,Sacramento,CA,40900,Sacramento--Roseville--Arden-Arcade,CA,
395050,Salinas,CA,41500,Salinas,CA,
395056,San Diego,CA,41740,San Diego-Carlsbad,CA,
395057,San Francisco,CA,41860,San Francisco-Oakland-Hayward,CA,
395059,San Jose,CA,41940,San Jose-Sunnyvale-Santa Clara,CA,
395061,San Luis Obispo,CA,42020,San Luis Obispo-Paso Robles-Arroyo Grande,CA,
395065,Santa Cruz,CA,42100,Santa Cruz-Watsonville,CA,
753917,Santa Maria-Santa Barbara,CA,42200,Santa Maria-Santa Barbara,CA,
395068,Santa Rosa,CA,42220,Santa Rosa,CA,
753920,Sonora,CA,43760,Sonora,CA,
395134,Stockton,CA,44700,Stockton-Lodi,CA,
395141,Susanville,CA,45000,Susanville,CA,
395166,Truckee,CA,46020,Truckee-Grass Valley,CA,
395175,Ukiah,CA,46380,Ukiah,CA,
395183,Vallejo,CA,46700,Vallejo-Fairfield,CA,
394952,Ventura,CA,37100,Oxnard-Thousand Oaks-Ventura,CA,
395195,Visalia,CA,47300,Visalia-Porterville,CA,
395246,Yuba City,CA,49700,Yuba City,CA,
394405,Boulder,CO,14500,Boulder,CO,
753871,Breckenridge,CO,14720,Breckenridge,CO,
394437,Canon City,CO,15860,Canon City,CO,
394484,Colorado Springs,CO,17820,Colorado Springs,CO,
753874,Craig,CO,18780,Craig,CO,
394530,Denver,CO,19740,Denver-Aurora-Lakewood,CO,
394547,Durango,CO,20420,Durango,CO,
394556,Edwards,CO,20780,Edwards,CO,
394602,Fort Collins,CO,22660,Fort Collins,CO,
394606,Fort Morgan,CO,22820,Fort Morgan,CO,
753881,Glenwood Springs,CO,24060,Glenwood Springs,CO,
394639,Grand Junction,CO,24300,Grand Junction,CO,
394645,Greeley,CO,24540,Greeley,CO,
394876,Montrose,CO,33940,Montrose,CO,
395007,Pueblo,CO,39380,Pueblo,CO,
753921,Steamboat Springs,CO,44460,Steamboat Springs,CO,
395130,Sterling,CO,44540,Sterling,CO,
394415,Stamford,CT,71950,Bridgeport-Stamford-Norwalk,CT,
,,,72850,Danbury,CT,Yes
394669,Hartford,CT,73450,Hartford-West Hartford-East Hartford,CT,
394908,New Haven,CT,75700,New Haven,CT,
394924,New London,CT,76450,Norwich-New London-Westerly,CT,
395162,Torrington,CT,78400,Torrington,CT,
,,,78700,Waterbury,CT,Yes
395209,Washington,DC,47900,Washington-Arlington-Alexandria,DC,
394539,Dover,DE,20100,Dover,DE,
395051,Salisbury,DE,41540,Salisbury,MD,
394335,Arcadia,FL,11580,Arcadia,FL,
394440,Fort Myers,FL,15980,Cape Coral-Fort Myers,FL,
394476,Clewiston,FL,17500,Clewiston,FL,
753875,Crestview-Fort Walton Beach-Destin,FL,18880,Crestview-Fort Walton Beach-Destin,FL,
394528,Daytona Beach,FL,19660,Deltona-Daytona Beach-Ormond Beach,FL,
394622,Gainesville,FL,23540,Gainesville,FL,
394685,Homosassa Springs,FL,26140,Homosassa Springs,FL,
394714,Jacksonville,FL,27260,Jacksonville,FL,
394744,Key West,FL,28580,Key West,FL,
394764,Lake City,FL,29380,Lake City,FL,
394766,Lakeland,FL,29460,Lakeland-Winter Haven,FL,
394856,Miami-Fort Lauderdale,FL,33100,Miami-Fort Lauderdale-West Palm Beach,FL,
394901,Naples,FL,34940,Naples-Immokalee-Marco Island,FL,
753906,North Port-Sarasota-Bradenton,FL,35840,North Port-Sarasota-Bradenton,FL,
394927,Ocala,FL,36100,Ocala,FL,
394934,Okeechobee,FL,36380,Okeechobee,FL,
394943,Orlando,FL,36740,Orlando-Kissimmee-Sanford,FL,
394955,Palatka,FL,37260,Palatka,FL,
394957,Melbourne,FL,37340,Palm Bay-Melbourne-Titusville,FL,
394960,Panama City,FL,37460,Panama City,FL,
394971,Pensacola,FL,37860,Pensacola-Ferry Pass-Brent,FL,
394995,Port St. Lucie,FL,38940,Port St. Lucie,FL,
395009,Punta Gorda,FL,39460,Punta Gorda,FL,
395080,Sebring,FL,42700,Sebring,FL,
395146,Tallahassee,FL,45220,Tallahassee,FL,
395148,Tampa,FL,45300,Tampa-St. Petersburg-Clearwater,FL,
395153,The Villages,FL,45540,The Villages,FL,
395079,Vero Beach,FL,42680,Sebastian-Vero Beach,FL,
395214,Wauchula,FL,48100,Wauchula,FL,
394306,Albany,GA,10500,Albany,GA,
394324,Americus,GA,11140,Americus,GA,
394346,Athens,GA,12020,Athens-Clarke County,GA,
394347,Atlanta,GA,12060,Atlanta-Sandy Springs-Roswell,GA,
394352,Augusta,GA,12260,Augusta-Richmond County,GA,
394356,Bainbridge,GA,12460,Bainbridge,GA,
394423,Brunswick,GA,15260,Brunswick,GA,
394432,Calhoun,GA,15660,Calhoun,GA,
394448,Cedartown,GA,16340,Cedartown,GA,
394488,Columbus,GA,17980,Columbus,GA,
394498,Cordele,GA,18380,Cordele,GA,
394500,Cornelia,GA,18460,Cornelia,GA,
394515,Dalton,GA,19140,Dalton,GA,
394538,Douglas,GA,20060,Douglas,GA,
394540,Dublin,GA,20140,Dublin,GA,
,,,21640,Eufaula,GA,Yes
394594,Fitzgerald,GA,22340,Fitzgerald,GA,
394623,Gainesville,GA,23580,Gainesville,GA,
394682,Hinesville,GA,25980,Hinesville,GA,
753893,Jefferson,GA,27600,Jefferson,GA,
394725,Jesup,GA,27700,Jesup,GA,
394762,LaGrange,GA,29300,LaGrange,GA,
394813,Macon-Bibb County,GA,31420,Macon-Bibb County,GA,
394861,Milledgeville,GA,33300,Milledgeville,GA,
394883,Moultrie,GA,34220,Moultrie,GA,
395038,Rome,GA,40660,Rome,GA,
395070,Savannah,GA,42340,Savannah,GA,
395122,St. Marys,GA,41220,St. Marys,GA,
395126,Statesboro,GA,44340,Statesboro,GA,
395138,Summerville,GA,44900,Summerville,GA,
395154,Thomaston,GA,45580,Thomaston,GA,
395155,Thomasville,GA,45620,Thomasville,GA,
395158,Tifton,GA,45700,Tifton,GA,
395159,Toccoa,GA,45740,Toccoa,GA,
395182,Valdosta,GA,46660,Valdosta,GA,
395191,Vidalia,GA,47080,Vidalia,GA,
395202,Warner Robins,GA,47580,Warner Robins,GA,
395216,Waycross,GA,48180,Waycross,GA,
394680,Hilo,HI,25900,Hilo,HI,
394731,Kahului,HI,27980,Kahului-Wailuku-Lahaina,HI,
394736,Kapaa,HI,28180,Kapaa,HI,
753924,Urban Honolulu,HI,46520,Urban Honolulu,HI,
394325,Ames,IA,11180,Ames,IA,
394401,Boone,IA,14340,Boone,IA,
394427,Burlington,IA,15460,Burlington,IA,
,,,16140,Carroll,IA,Yes
394447,Cedar Rapids,IA,16300,Cedar Rapids,IA,
394477,Clinton,IA,17540,Clinton,IA,
394531,Des Moines,IA,19780,Des Moines-West Des Moines,IA,
394542,Dubuque,IA,20220,Dubuque,IA,
753880,Fairfield,IA,21840,Fairfield,IA,
,,,22700,Fort Dodge,IA,Yes
394605,Fort Madison,IA,22800,Fort Madison-Keokuk,IA,
394707,Iowa City,IA,26980,Iowa City,IA,
394833,Marshalltown,IA,32260,Marshalltown,IA,
394838,Mason City,IA,32380,Mason City,IA,
394895,Muscatine,IA,34700,Muscatine,IA,
394916,Newton,IA,35500,Newton,IA,
394945,Oskaloosa,IA,36820,Oskaloosa,IA,
394947,Ottumwa,IA,36900,Ottumwa,IA,
,,,37800,Pella,IA,Yes
395102,Sioux City,IA,43580,Sioux City,IA,
395111,Spencer,IA,43980,Spencer,IA,
395112,Spirit Lake,IA,44020,Spirit Lake,IA,
395135,Storm Lake,IA,44740,Storm Lake,IA,
395210,Waterloo,IA,47940,Waterloo-Cedar Falls,IA,
394391,Blackfoot,ID,13940,Blackfoot,ID,
394399,Boise City,ID,14260,Boise City,ID,
394426,Burley,ID,15420,Burley,ID,
394480,Coeur d''Alene,ID,17660,Coeur d'Alene,ID,
753884,Hailey,ID,25200,Hailey,ID,
394703,Idaho Falls,ID,26820,Idaho Falls,ID,
394787,Lewiston,ID,30300,Lewiston,ID,
394881,Moscow,ID,34140,Moscow,ID,
394892,Mountain Home,ID,34300,Mountain Home,ID,
394988,Pocatello,ID,38540,Pocatello,ID,
395020,Rexburg,ID,39940,Rexburg,ID,
753916,Sandpoint,ID,41760,Sandpoint,ID,
395173,Twin Falls,ID,46300,Twin Falls,ID,
753869,Bloomington,IL,14010,Bloomington,IL,
394438,Canton,IL,15900,Canton,IL,
394442,Carbondale,IL,16060,Carbondale-Marion,IL,
,,,16460,Centralia,IL,Yes
394454,Champaign-Urbana,IL,16580,Champaign-Urbana,IL,
394456,Charleston,IL,16660,Charleston-Mattoon,IL,
394463,Chicago,IL,16980,Chicago-Naperville-Elgin,IL,
394516,Danville,IL,19180,Danville,IL,
394520,Davenport,IL,19340,Davenport-Moline-Rock Island,IL,
394524,Decatur,IL,19500,Decatur,IL,
394535,Dixon,IL,19940,Dixon,IL,
394557,Effingham,IL,20820,Effingham,IL,
394616,Freeport,IL,23300,Freeport,IL,
394625,Galesburg,IL,23660,Galesburg,IL,
394715,Jacksonville,IL,27300,Jacksonville,IL,
394734,Kankakee,IL,28100,Kankakee,IL,
394795,Lincoln,IL,30660,Lincoln,IL,
394812,Macomb,IL,31380,Macomb,IL,
394888,Mount Vernon,IL,34500,Mount Vernon,IL,
394946,Ottawa,IL,36860,Ottawa-Peru,IL,
394972,Peoria,IL,37900,Peoria,IL,
394992,Pontiac,IL,38700,Pontiac,IL,
395010,Quincy,IL,39500,Quincy,IL,
395029,Rochelle,IL,40300,Rochelle,IL,
395033,Rockford,IL,40420,Rockford,IL,
395114,Springfield,IL,44100,Springfield,IL,
395131,Sterling,IL,44580,Sterling,IL,
395150,Taylorville,IL,45380,Taylorville,IL,
394331,Angola,IN,11420,Angola,IN,
394349,Auburn,IN,12140,Auburn,IN,
394375,Bedford,IN,13260,Bedford,IN,
394393,Bloomington,IN,14020,Bloomington,IN,
394489,Columbus,IN,18020,Columbus,IN,
394494,Connersville,IN,18220,Connersville,IN,
394507,Crawfordsville,IN,18820,Crawfordsville,IN,
394525,Decatur,IN,19540,Decatur,IN,
394565,Elkhart,IN,21140,Elkhart-Goshen,IN,
394579,Evansville,IN,21780,Evansville,IN,
394612,Fort Wayne,IN,23060,Fort Wayne,IN,
394613,Frankfort,IN,23140,Frankfort,IN,
394649,Greensburg,IN,24700,Greensburg,IN,
394696,Huntington,IN,26540,Huntington,IN,
394705,Indianapolis,IN,26900,Indianapolis-Carmel-Anderson,IN,
394721,Jasper,IN,27540,Jasper,IN,
394739,Kendallville,IN,28340,Kendallville,IN,
394755,Kokomo,IN,29020,Kokomo,IN,
753895,Lafayette-West Lafayette,IN,29200,Lafayette-West Lafayette,IN,
394801,Logansport,IN,30900,Logansport,IN,
394815,Madison,IN,31500,Madison,IN,
394826,Marion,IN,31980,Marion,IN,
394857,Michigan City,IN,33140,Michigan City-La Porte,IN,
394893,Muncie,IN,34620,Muncie,IN,
394906,New Castle,IN,35220,New Castle,IN,
394921,North Vernon,IN,35860,North Vernon,IN,
394973,Peru,IN,37940,Peru,IN,
394987,Plymouth,IN,38500,Plymouth,IN,
395021,Richmond,IN,39980,Richmond,IN,
395087,Seymour,IN,42980,Seymour,IN,
395107,South Bend,IN,43780,South Bend-Mishawaka,IN,
395151,Terre Haute,IN,45460,Terre Haute,IN,
395192,Vincennes,IN,47180,Vincennes,IN,
395196,Wabash,IN,47340,Wabash,IN,
395205,Warsaw,IN,47700,Warsaw,IN,
395207,Washington,IN,47780,Washington,IN,
753864,Arkansas City-Winfield,KS,11680,Arkansas City-Winfield,KS,
394342,Atchison,KS,11860,Atchison,KS,
394481,Coffeyville,KS,17700,Coffeyville,KS,
394536,Dodge City,KS,19980,Dodge City,KS,
394569,Emporia,KS,21380,Emporia,KS,
394627,Garden City,KS,23780,Garden City,KS,
394643,Great Bend,KS,24460,Great Bend,KS,
394673,Hays,KS,25700,Hays,KS,
394701,Hutchinson,KS,26740,Hutchinson,KS,
753894,Junction City,KS,27920,Junction City,KS,
394778,Lawrence,KS,29940,Lawrence,KS,
394793,Liberal,KS,30580,Liberal,KS,
394821,Manhattan,KS,31740,Manhattan,KS,
394846,McPherson,KS,32700,McPherson,KS,
753909,Ottawa,KS,36840,Ottawa,KS,
394965,Parsons,KS,37660,Parsons,KS,
394981,Pittsburg,KS,38260,Pittsburg,KS,
395049,Salina,KS,41460,Salina,KS,
395161,Topeka,KS,45820,Topeka,KS,
395224,Wichita,KS,48620,Wichita,KS,
753865,Bardstown,KY,12680,Bardstown,KY,
394406,Bowling Green,KY,14540,Bowling Green,KY,
394436,Campbellsville,KY,15820,Campbellsville,KY,
,,,16420,Central City,KY,Yes
394517,Danville,KY,19220,Danville,KY,
394563,Elizabethtown,KY,21060,Elizabethtown-Fort Knox,KY,
394614,Frankfort,KY,23180,Frankfort,KY,
394632,Glasgow,KY,23980,Glasgow,KY,
394792,Lexington,KY,30460,Lexington-Fayette,KY,
394802,London,KY,30940,London,KY,
394807,Louisville-Jefferson County,KY,31140,Louisville/Jefferson County,KY,
394817,Madisonville,KY,31580,Madisonville,KY,
394840,Mayfield,KY,32460,Mayfield,KY,
394841,Maysville,KY,32500,Maysville,KY,
394858,Middlesborough,KY,33180,Middlesborough,KY,
394887,Mount Sterling,KY,34460,Mount Sterling,KY,
394894,Murray,KY,34660,Murray,KY,
394949,Owensboro,KY,36980,Owensboro,KY,
394953,Paducah,KY,37140,Paducah,KY,
395023,Richmond,KY,40080,Richmond-Berea,KY,
395105,Somerset,KY,43700,Somerset,KY,
394314,Alexandria,LA,10780,Alexandria,LA,
394364,Bastrop,LA,12820,Bastrop,LA,
394367,Baton Rouge,LA,12940,Baton Rouge,LA,
394398,Bogalusa,LA,14220,Bogalusa,LA,
394522,DeRidder,LA,19760,DeRidder,LA,
394608,Fort Polk South,LA,22860,Fort Polk South,LA,
394661,Hammond,LA,25220,Hammond,LA,
394691,Houma,LA,26380,Houma-Thibodaux,LA,
,,,27660,Jennings,LA,Yes
394761,Lafayette,LA,29180,Lafayette,LA,
394763,Lake Charles,LA,29340,Lake Charles,LA,
394872,Monroe,LA,33740,Monroe,LA,
394878,Morgan City,LA,34020,Morgan City,LA,
394904,Natchitoches,LA,35060,Natchitoches,LA,
394910,New Orleans,LA,35380,New Orleans-Metairie,LA,
394941,Opelousas,LA,36660,Opelousas,LA,
395043,Ruston,LA,40820,Ruston,LA,
395096,Shreveport,LA,43340,Shreveport-Bossier City,LA,
,,,70450,Athol,MA,Yes
394361,Barnstable Town,MA,70900,Barnstable Town,MA,
394404,Boston,MA,71650,Boston-Cambridge-Nashua,MA,
753883,Greenfield Town,MA,73300,Greenfield Town,MA,
,,,74500,Leominster-Gardner,MA,Yes
,,,75550,New Bedford,MA,Yes
,,,76150,North Adams,MA,Yes
394983,Pittsfield,MA,76600,Pittsfield,MA,
395115,Springfield,MA,78100,Springfield,MA,
753925,Vineyard Haven,MA,78500,Vineyard Haven,MA,
395238,Worcester,MA,79600,Worcester,MA,
394358,Baltimore,MD,12580,Baltimore-Columbia-Towson,MD,
753872,California-Lexington Park,MD,15680,California-Lexington Park,MD,
394433,Cambridge,MD,15700,Cambridge,MD,
394513,Cumberland,MD,19060,Cumberland,MD,
394554,Easton,MD,20660,Easton,MD,
394660,Hagerstown,MD,25180,Hagerstown-Martinsburg,MD,
394353,Augusta,ME,70600,Augusta,ME,
394359,Bangor,ME,70750,Bangor,ME,
,,,72250,Brunswick,ME,Yes
394788,Lewiston,ME,74650,Lewiston-Auburn,ME,
394997,Portland,ME,76750,Portland-South Portland,ME,
,,,77950,Sanford,ME,Yes
,,,78850,Waterville,ME,Yes
394302,Adrian,MI,10300,Adrian,MI,
394319,Alma,MI,10940,Alma,MI,
394320,Alpena,MI,10980,Alpena,MI,
394332,Ann Arbor,MI,11460,Ann Arbor,MI,
394368,Battle Creek,MI,12980,Battle Creek,MI,
394369,Bay City,MI,13020,Bay City,MI,
394384,Big Rapids,MI,13660,Big Rapids,MI,
394431,Cadillac,MI,15620,Cadillac,MI,
394482,Coldwater,MI,17740,Coldwater,MI,
394532,Detroit,MI,19820,Detroit-Warren-Dearborn,MI,
394573,Escanaba,MI,21540,Escanaba,MI,
394596,Flint,MI,22420,Flint,MI,
394640,Grand Rapids,MI,24340,Grand Rapids-Wyoming,MI,
753889,Hillsdale,MI,25880,Hillsdale,MI,
753890,Holland,MI,26090,Holland,MI,
394690,Houghton,MI,26340,Houghton,MI,
753891,Ionia,MI,26960,Ionia,MI,
394708,Iron Mountain,MI,27020,Iron Mountain,MI,
394710,Jackson,MI,27100,Jackson,MI,
394732,Kalamazoo,MI,28020,Kalamazoo-Portage,MI,
394770,Lansing,MI,29620,Lansing-East Lansing,MI,
753901,Ludington,MI,31220,Ludington,MI,
394829,Marquette,MI,32100,Marquette,MI,
394859,Midland,MI,33220,Midland,MI,
394873,Monroe,MI,33780,Monroe,MI,
394885,Mount Pleasant,MI,34380,Mount Pleasant,MI,
394896,Muskegon,MI,34740,Muskegon,MI,
394917,Niles,MI,35660,Niles-Benton Harbor,MI,
394950,Owosso,MI,37020,Owosso,MI,
395047,Saginaw,MI,40980,Saginaw,MI,
395069,Sault Ste. Marie,MI,42300,Sault Ste. Marie,MI,
395136,Sturgis,MI,44780,Sturgis,MI,
395163,Traverse City,MI,45900,Traverse City,MI,
394310,Albert Lea,MN,10660,Albert Lea,MN,
394315,Alexandria,MN,10820,Alexandria,MN,
394354,Austin,MN,12380,Austin,MN,
394379,Bemidji,MN,13420,Bemidji,MN,
394410,Brainerd,MN,14660,Brainerd,MN,
394543,Duluth,MN,20260,Duluth,MN,
,,,21860,Fairmont,MN,Yes
394586,Faribault,MN,22060,Faribault-Northfield,MN,
394591,Fergus Falls,MN,22260,Fergus Falls,MN,
,,,24330,Grand Rapids,MN,Yes
394702,Hutchinson,MN,26780,Hutchinson,MN,
394823,Mankato,MN,31860,Mankato-North Mankato,MN,
394830,Marshall,MN,32140,Marshall,MN,
394865,Minneapolis-St Paul,MN,33460,Minneapolis-St. Paul-Bloomington,MN,
394912,New Ulm,MN,35580,New Ulm,MN,
394948,Owatonna,MN,36940,Owatonna,MN,
395017,Red Wing,MN,39860,Red Wing,MN,
395030,Rochester,MN,40340,Rochester,MN,
395118,St. Cloud,MN,41060,St. Cloud,MN,
395228,Willmar,MN,48820,Willmar,MN,
395234,Winona,MN,49100,Winona,MN,
395239,Worthington,MN,49380,Worthington,MN,
394411,Branson,MO,14700,Branson,MO,
394441,Cape Girardeau,MO,16020,Cape Girardeau,MO,
394485,Columbia,MO,17860,Columbia,MO,
394587,Farmington,MO,22100,Farmington,MO,
394604,Fort Leonard Wood,MO,22780,Fort Leonard Wood,MO,
394663,Hannibal,MO,25300,Hannibal,MO,
394723,Jefferson City,MO,27620,Jefferson City,MO,
394729,Joplin,MO,27900,Joplin,MO,
394735,Kansas City,MO,28140,Kansas City,MO,
394740,Kennett,MO,28380,Kennett,MO,
394751,Kirksville,MO,28860,Kirksville,MO,
394781,Lebanon,MO,30060,Lebanon,MO,
394831,Marshall,MO,32180,Marshall,MO,
394837,Maryville,MO,32340,Maryville,MO,
394854,Mexico,MO,33020,Mexico,MO,
394869,Moberly,MO,33620,Moberly,MO,
394993,Poplar Bluff,MO,38740,Poplar Bluff,MO,
,,,39500,Quincy,MO,Yes
395037,Rolla,MO,40620,Rolla,MO,
395081,Sedalia,MO,42740,Sedalia,MO,
395099,Sikeston,MO,43460,Sikeston,MO,
395116,Springfield,MO,44180,Springfield,MO,
395120,St. Joseph,MO,41140,St. Joseph,MO,
395121,St. Louis,MO,41180,St. Louis,MO,
395204,Warrensburg,MO,47660,Warrensburg,MO,
395219,West Plains,MO,48460,West Plains,MO,
394417,Brookhaven,MS,15020,Brookhaven,MS,
394470,Clarksdale,MS,17260,Clarksdale,MS,
394473,Cleveland,MS,17380,Cleveland,MS,
394490,Columbus,MS,18060,Columbus,MS,
394499,Corinth,MS,18420,Corinth,MS,
394650,Greenville,MS,24740,Greenville,MS,
394654,Greenwood,MS,24900,Greenwood,MS,
394656,Grenada,MS,24980,Grenada,MS,
394658,Gulfport,MS,25060,Gulfport-Biloxi-Pascagoula,MS,
394671,Hattiesburg,MS,25620,Hattiesburg,MS,
394706,Indianola,MS,26940,Indianola,MS,
394711,Jackson,MS,27140,Jackson,MS,
394776,Laurel,MS,29860,Laurel,MS,
394844,McComb,MS,32620,McComb,MS,
394852,Meridian,MS,32940,Meridian,MS,
394903,Natchez,MS,35020,Natchez,MS,
394951,Oxford,MS,37060,Oxford,MS,
394977,Picayune,MS,38100,Picayune,MS,
395124,Starkville,MS,44260,Starkville,MS,
395170,Tupelo,MS,46180,Tupelo,MS,
395189,Vicksburg,MS,46980,Vicksburg,MS,
,,,48500,West Point,MS,Yes
394386,Billings,MT,13740,Billings,MT,
394407,Bozeman,MT,14580,Bozeman,MT,
394430,Butte,MT,15580,Butte-Silver Bow,MT,
394644,Great Falls,MT,24500,Great Falls,MT,
394675,Helena,MT,25740,Helena,MT,
394733,Kalispell,MT,28060,Kalispell,MT,
394867,Missoula,MT,33540,Missoula,MT,
394309,Albemarle,NC,10620,Albemarle,NC,
394338,Asheville,NC,11700,Asheville,NC,
394402,Boone,NC,14380,Boone,NC,
394414,Brevard,NC,14820,Brevard,NC,
394428,Burlington,NC,15500,Burlington,NC,
394458,Charlotte,NC,16740,Charlotte-Concord-Gastonia,NC,
753877,Cullowhee,NC,19000,Cullowhee,NC,
394546,Dunn,NC,20380,Dunn,NC,
394549,Durham,NC,20500,Durham-Chapel Hill,NC,
394562,Elizabeth City,NC,21020,Elizabeth City,NC,
394589,Fayetteville,NC,22180,Fayetteville,NC,
394600,Forest City,NC,22580,Forest City,NC,
394635,Goldsboro,NC,24140,Goldsboro,NC,
394648,Greensboro,NC,24660,Greensboro-High Point,NC,
394651,Greenville,NC,24780,Greenville,NC,
394677,Henderson,NC,25780,Henderson,NC,
394679,Hickory,NC,25860,Hickory-Lenoir-Morganton,NC,
394716,Jacksonville,NC,27340,Jacksonville,NC,
394745,Kill Devil Hills,NC,28620,Kill Devil Hills,NC,
394750,Kinston,NC,28820,Kinston,NC,
394777,Laurinburg,NC,29900,Laurinburg,NC,
394810,Lumberton,NC,31300,Lumberton,NC,
753904,Marion,NC,32000,Marion,NC,
394877,Morehead City,NC,33980,Morehead City,NC,
394884,Mount Airy,NC,34340,Mount Airy,NC,
394905,New Bern,NC,35100,New Bern,NC,
394922,North Wilkesboro,NC,35900,North Wilkesboro,NC,
753910,Oxford,NC,37080,Oxford,NC,
753912,Pinehurst-Southern Pines,NC,38240,Pinehurst-Southern Pines,NC,
395012,Raleigh,NC,39580,Raleigh,NC,
395027,Roanoke Rapids,NC,40260,Roanoke Rapids,NC,
395034,Rockingham,NC,40460,Rockingham,NC,
395036,Rocky Mount,NC,40580,Rocky Mount,NC,
395063,Sanford,NC,41820,Sanford,NC,
395090,Shelby,NC,43140,Shelby,NC,
395208,Washington,NC,47820,Washington,NC,
395229,Wilmington,NC,48900,Wilmington,NC,
395231,Wilson,NC,48980,Wilson,NC,
395235,Winston-Salem,NC,49180,Winston-Salem,NC,
394390,Bismarck,ND,13900,Bismarck,ND,
394533,Dickinson,ND,19860,Dickinson,ND,
394585,Fargo,ND,22020,Fargo,ND,
394637,Grand Forks,ND,24220,Grand Forks,ND,
394718,Jamestown,ND,27420,Jamestown,ND,
394866,Minot,ND,33500,Minot,ND,
395198,Wahpeton,ND,47420,Wahpeton,ND,
395227,Williston,ND,48780,Williston,ND,
394371,Beatrice,NE,13100,Beatrice,NE,
,,,71500,Berlin,NE,Yes
394491,Columbus,NE,18100,Columbus,NE,
394617,Fremont,NE,23340,Fremont,NE,
394638,Grand Island,NE,24260,Grand Island,NE,
394670,Hastings,NE,25580,Hastings,NE,
394737,Kearney,NE,28260,Kearney,NE,
394791,Lexington,NE,30420,Lexington,NE,
394796,Lincoln,NE,30700,Lincoln,NE,
394919,Norfolk,NE,35740,Norfolk,NE,
394920,North Platte,NE,35820,North Platte,NE,
394938,Omaha,NE,36540,Omaha-Council Bluffs,NE,
395072,Scottsbluff,NE,42420,Scottsbluff,NE,
394383,Berlin,NH,,,,Yes
394468,Claremont,NH,72500,Claremont,NH,
394493,Concord,NH,72700,Concord,NH,
,,,73050,Dover-Durham,NH,Yes
394738,Keene,NH,73750,Keene,NH,
394759,Laconia,NH,73900,Laconia,NH,
,,,74350,Lebanon,NH,Yes
394820,Manchester,NH,74950,Manchester,NH,
,,,76900,Portsmouth,NH,Yes
394348,Atlantic City,NJ,12100,Atlantic City-Hammonton,NJ,
394928,Ocean City,NJ,36140,Ocean City,NJ,
395164,Trenton,NJ,45940,Trenton,NJ,
395193,Vineland,NJ,47220,Vineland-Bridgeton,NJ,
394305,Alamogordo,NM,10460,Alamogordo,NM,
394312,Albuquerque,NM,10740,Albuquerque,NM,
,,,16100,Carlsbad-Artesia,NM,Yes
394478,Clovis,NM,17580,Clovis,NM,
394529,Deming,NM,19700,Deming,NM,
394574,Espanola,NM,21580,Espanola,NM,
394588,Farmington,NM,22140,Farmington,NM,
394626,Gallup,NM,23700,Gallup,NM,
394642,Grants,NM,24380,Grants,NM,
394683,Hobbs,NM,26020,Hobbs,NM,
394773,Las Cruces,NM,29740,Las Cruces,NM,
394774,Las Vegas,NM,29780,Las Vegas,NM,
394805,Los Alamos,NM,31060,Los Alamos,NM,
394996,Portales,NM,38780,Portales,NM,
395040,Roswell,NM,40740,Roswell,NM,
,,,40760,Ruidoso,NM,Yes
395066,Santa Fe,NM,42140,Santa Fe,NM,
395100,Silver City,NM,43500,Silver City,NM,
395149,Taos,NM,45340,Taos,NM,
394444,Carson City,NV,16180,Carson City,NV,
394566,Elko,NV,21220,Elko,NV,
394584,Fallon,NV,21980,Fallon,NV,
394592,Fernley,NV,22280,Fernley,NV,
394628,Gardnerville Ranchos,NV,23820,Gardnerville Ranchos,NV,
394775,Las Vegas,NV,29820,Las Vegas-Henderson-Paradise,NV,
394954,Pahrump,NV,37220,Pahrump,NV,
395019,Reno,NV,39900,Reno,NV,
753927,Winnemucca,NV,49080,Winnemucca,NV,
394308,Albany,NY,10580,Albany-Schenectady-Troy,NY,
394326,Amsterdam,NY,11220,Amsterdam,NY,
394350,Auburn,NY,12180,Auburn,NY,
394365,Batavia,NY,12860,Batavia,NY,
394387,Binghamton,NY,13780,Binghamton,NY,
394425,Buffalo,NY,15380,Buffalo-Cheektowaga-Niagara Falls,NY,
394501,Corning,NY,18500,Corning,NY,
394504,Cortland,NY,18660,Cortland,NY,
394568,Elmira,NY,21300,Elmira,NY,
394633,Glens Falls,NY,24020,Glens Falls,NY,
394634,Gloversville,NY,24100,Gloversville,NY,
394693,Hudson,NY,26460,Hudson,NY,
394709,Ithaca,NY,27060,Ithaca,NY,
394719,Jamestown,NY,27460,Jamestown-Dunkirk-Fredonia,NY,
394748,Kingston,NY,28740,Kingston,NY,
394819,Malone,NY,31660,Malone,NY,
394913,New York,NY,35620,New York-Newark-Jersey City,NY,
394932,Ogdensburg,NY,36300,Ogdensburg-Massena,NY,
394936,Olean,NY,36460,Olean,NY,
394939,Oneonta,NY,36580,Oneonta,NY,
394986,Plattsburgh,NY,38460,Plattsburgh,NY,
395031,Rochester,NY,40380,Rochester,NY,
395084,Seneca Falls,NY,42900,Seneca Falls,NY,
395143,Syracuse,NY,45060,Syracuse,NY,
395179,Utica,NY,46540,Utica-Rome,NY,
395213,Watertown,NY,48060,Watertown-Fort Drum,NY,
394304,Akron,OH,10420,Akron,OH,
394339,Ashland,OH,11740,Ashland,OH,
394340,Ashtabula,OH,11780,Ashtabula,OH,
394343,Athens,OH,11900,Athens,OH,
394377,Bellefontaine,OH,13340,Bellefontaine,OH,
394424,Bucyrus,OH,15340,Bucyrus,OH,
394434,Cambridge,OH,15740,Cambridge,OH,
394439,Canton,OH,15940,Canton-Massillon,OH,
394449,Celina,OH,16380,Celina,OH,
394465,Chillicothe,OH,17060,Chillicothe,OH,
394466,Cincinnati,OH,17140,Cincinnati,OH,
394475,Cleveland,OH,17460,Cleveland-Elyria,OH,
394492,Columbus,OH,18140,Columbus,OH,
394506,Coshocton,OH,18740,Coshocton,OH,
394521,Dayton,OH,19380,Dayton,OH,
394526,Defiance,OH,19580,Defiance,OH,
394593,Findlay,OH,22300,Findlay,OH,
394618,Fremont,OH,23380,Fremont,OH,
394652,Greenville,OH,24820,Greenville,OH,
753892,Jackson,OH,27160,Jackson,OH,
394794,Lima,OH,30620,Lima,OH,
394824,Mansfield,OH,31900,Mansfield,OH,
753903,Marietta,OH,31930,Marietta,OH,
394827,Marion,OH,32020,Marion,OH,
394889,Mount Vernon,OH,34540,Mount Vernon,OH,
394911,New Philadelphia,OH,35420,New Philadelphia-Dover,OH,
394923,Norwalk,OH,35940,Norwalk,OH,
753913,Port Clinton,OH,38840,Port Clinton,OH,
394999,Portsmouth,OH,39020,Portsmouth,OH,
753915,Salem,OH,41400,Salem,OH,
395062,Sandusky,OH,41780,Sandusky,OH,
395097,Sidney,OH,43380,Sidney,OH,
395117,Springfield,OH,44220,Springfield,OH,
395157,Tiffin,OH,45660,Tiffin,OH,
395160,Toledo,OH,45780,Toledo,OH,
395178,Urbana,OH,46500,Urbana,OH,
395185,Van Wert,OH,46780,Van Wert,OH,
395201,Wapakoneta,OH,47540,Wapakoneta,OH,
395206,Washington Court House,OH,47920,Washington Court House,OH,
395230,Wilmington,OH,48940,Wilmington,OH,
395237,Wooster,OH,49300,Wooster,OH,
395245,Youngstown,OH,49660,Youngstown-Warren-Boardman,OH,
395248,Zanesville,OH,49780,Zanesville,OH,
394300,Ada,OK,10220,Ada,OK,
394322,Altus,OK,11060,Altus,OK,
394336,Ardmore,OK,11620,Ardmore,OK,
394363,Bartlesville,OK,12780,Bartlesville,OK,
394545,Duncan,OK,20340,Duncan,OK,
394548,Durant,OK,20460,Durant,OK,
394564,Elk City,OK,21120,Elk City,OK,
394570,Enid,OK,21420,Enid,OK,
394659,Guymon,OK,25100,Guymon,OK,
394780,Lawton,OK,30020,Lawton,OK,
394842,McAlester,OK,32540,McAlester,OK,
394855,Miami,OK,33060,Miami,OK,
394897,Muskogee,OK,34780,Muskogee,OK,
394935,Oklahoma City,OK,36420,Oklahoma City,OK,
394990,Ponca City,OK,38620,Ponca City,OK,
395088,Shawnee,OK,43060,Shawnee,OK,
395133,Stillwater,OK,44660,Stillwater,OK,
395144,Tahlequah,OK,45140,Tahlequah,OK,
395169,Tulsa,OK,46140,Tulsa,OK,
753926,Weatherford,OK,48220,Weatherford,OK,
395236,Woodward,OK,49260,Woodward,OK,
394307,Albany,OR,10540,Albany,OR,
394341,Astoria,OR,11820,Astoria,OR,
394380,Bend,OR,13460,Bend-Redmond,OR,
394418,Brookings,OR,15060,Brookings,OR,
394496,Coos Bay,OR,18300,Coos Bay,OR,
394505,Corvallis,OR,18700,Corvallis,OR,
394576,Eugene,OR,21660,Eugene,OR,
394641,Grants Pass,OR,24420,Grants Pass,OR,
753887,Hermiston-Pendleton,OR,25840,Hermiston-Pendleton,OR,
394687,Hood River,OR,26220,Hood River,OR,
394752,Klamath Falls,OR,28900,Klamath Falls,OR,
394758,La Grande,OR,29260,La Grande,OR,
394848,Medford,OR,32780,Medford,OR,
753905,Newport,OR,35440,Newport,OR,
394940,Ontario,OR,36620,Ontario,OR,
394998,Portland,OR,38900,Portland-Vancouver-Hillsboro,OR,
395004,Prineville,OR,39260,Prineville,OR,
395039,Roseburg,OR,40700,Roseburg,OR,
395048,Salem,OR,41420,Salem,OR,
753923,The Dalles,OR,45520,The Dalles,OR,
394318,Allentown,PA,10900,Allentown-Bethlehem-Easton,PA,
394321,Altoona,PA,11020,Altoona,PA,
394395,Bloomsburg,PA,14100,Bloomsburg-Berwick,PA,
394409,Bradford,PA,14620,Bradford,PA,
394453,Chambersburg,PA,16540,Chambersburg-Waynesboro,PA,
394541,DuBois,PA,20180,DuBois,PA,
394553,East Stroudsburg,PA,20700,East Stroudsburg,PA,
394572,Erie,PA,21500,Erie,PA,
394630,Gettysburg,PA,23900,Gettysburg,PA,
394666,Harrisburg,PA,25420,Harrisburg-Carlisle,PA,
394695,Huntingdon,PA,26500,Huntingdon,PA,
394704,Indiana,PA,26860,Indiana,PA,
394727,Johnstown,PA,27780,Johnstown,PA,
394768,Lancaster,PA,29540,Lancaster,PA,
394783,Lebanon,PA,30140,Lebanon,PA,
394785,Lewisburg,PA,30260,Lewisburg,PA,
394789,Lewistown,PA,30380,Lewistown,PA,
394799,Lock Haven,PA,30820,Lock Haven,PA,
394847,Meadville,PA,32740,Meadville,PA,
394907,New Castle,PA,35260,New Castle,PA,
394933,Oil City,PA,36340,Oil City,PA,
394974,Philadelphia,PA,37980,Philadelphia-Camden-Wilmington,PA,
394982,Pittsburgh,PA,38300,Pittsburgh,PA,
395000,Pottsville,PA,39060,Pottsville,PA,
395015,Reading,PA,39740,Reading,PA,
395071,Sayre,PA,42380,Sayre,PA,
395075,Scranton,PA,42540,Scranton--Wilkes-Barre--Hazleton,PA,
395082,Selinsgrove,PA,42780,Selinsgrove,PA,
395106,Somerset,PA,43740,Somerset,PA,
,,,41260,St. Marys,PA,Yes
395125,State College,PA,44300,State College,PA,
395140,Sunbury,PA,44980,Sunbury,PA,
395203,Warren,PA,47620,Warren,PA,
395225,Williamsport,PA,48700,Williamsport,PA,
395244,York,PA,49620,York-Hanover,PA,
395005,Providence,RI,77200,Providence-Warwick,RI,
394381,Bennettsville,SC,13500,Bennettsville,SC,
394457,Charleston,SC,16700,Charleston-North Charleston,SC,
394486,Columbia,SC,17900,Columbia,SC,
394597,Florence,SC,22500,Florence,SC,
394621,Gaffney,SC,23500,Gaffney,SC,
394629,Georgetown,SC,23860,Georgetown,SC,
394653,Greenville,SC,24860,Greenville-Anderson-Mauldin,SC,
394655,Greenwood,SC,24940,Greenwood,SC,
394681,Hilton Head Island,SC,25940,Hilton Head Island-Bluffton-Beaufort,SC,
394898,Myrtle Beach,SC,34820,Myrtle Beach-Conway-North Myrtle Beach,SC,
394914,Newberry,SC,35140,Newberry,SC,
394942,Orangeburg,SC,36700,Orangeburg,SC,
395085,Seneca,SC,42860,Seneca,SC,
395109,Spartanburg,SC,43900,Spartanburg,SC,
395139,Sumter,SC,44940,Sumter,SC,
394297,Aberdeen,SD,10100,Aberdeen,SD,
394419,Brookings,SD,15100,Brookings,SD,
394700,Huron,SD,26700,Huron,SD,
394868,Mitchell,SD,33580,Mitchell,SD,
394979,Pierre,SD,38180,Pierre,SD,
395013,Rapid City,SD,39660,Rapid City,SD,
395103,Sioux Falls,SD,43620,Sioux Falls,SD,
395110,Spearfish,SD,43940,Spearfish,SD,
395186,Vermillion,SD,46820,Vermillion,SD,
395211,Watertown,SD,47980,Watertown,SD,
395241,Yankton,SD,49460,Yankton,SD,
394344,Athens,TN,11940,Athens,TN,
,,,15140,Brownsville,TN,Yes
394460,Chattanooga,TN,16860,Chattanooga,TN,
394471,Clarksville,TN,17300,Clarksville,TN,
394474,Cleveland,TN,17420,Cleveland,TN,
394495,Cookeville,TN,18260,Cookeville,TN,
394509,Crossville,TN,18900,Crossville,TN,
753878,Dayton,TN,19420,Dayton,TN,
394550,Dyersburg,TN,20540,Dyersburg,TN,
394647,Greeneville,TN,24620,Greeneville,TN,
394712,Jackson,TN,27180,Jackson,TN,
394726,Johnson City,TN,27740,Johnson City,TN,
394747,Kingsport,TN,28700,Kingsport-Bristol-Bristol,TN,
394753,Knoxville,TN,28940,Knoxville,TN,
394779,Lawrenceburg,TN,29980,Lawrenceburg,TN,
394786,Lewisburg,TN,30280,Lewisburg,TN,
394835,Martin,TN,32280,Martin,TN,
394845,McMinnville,TN,32660,McMinnville,TN,
394849,Memphis,TN,32820,Memphis,TN,
394880,Morristown,TN,34100,Morristown,TN,
394902,Nashville,TN,34980,Nashville-Davidson--Murfreesboro--Franklin,TN,
394915,Newport,TN,35460,Newport,TN,
394962,Paris,TN,37540,Paris,TN,
395086,Sevierville,TN,42940,Sevierville,TN,
395091,Shelbyville,TN,43180,Shelbyville,TN,
395168,Tullahoma,TN,46100,Tullahoma-Manchester,TN,
395176,Union City,TN,46460,Union City,TN,
394299,Abilene,TX,10180,Abilene,TX,
394316,Alice,TX,10860,Alice,TX,
394323,Amarillo,TX,11100,Amarillo,TX,
394330,Andrews,TX,11380,Andrews,TX,
394345,Athens,TX,11980,Athens,TX,
394355,Austin,TX,12420,Austin-Round Rock,TX,
394370,Bay City,TX,13060,Bay City,TX,
394372,Beaumont,TX,13140,Beaumont-Port Arthur,TX,
394376,Beeville,TX,13300,Beeville,TX,
394385,Big Spring,TX,13700,Big Spring,TX,
,,,14300,Bonham,TX,Yes
394403,Borger,TX,14420,Borger,TX,
394413,Brenham,TX,14780,Brenham,TX,
394421,Brownsville,TX,15180,Brownsville-Harlingen,TX,
394422,Brownwood,TX,15220,Brownwood,TX,
394483,College Station,TX,17780,College Station-Bryan,TX,
394502,Corpus Christi,TX,18580,Corpus Christi,TX,
394503,Corsicana,TX,18620,Corsicana,TX,
394514,Dallas-Fort Worth,TX,19100,Dallas-Fort Worth-Arlington,TX,
394527,Del Rio,TX,19620,Del Rio,TX,
394544,Dumas,TX,20300,Dumas,TX,
394551,Eagle Pass,TX,20580,Eagle Pass,TX,
394558,El Campo,TX,20900,El Campo,TX,
394561,El Paso,TX,21340,El Paso,TX,
394615,Fredericksburg,TX,23240,Fredericksburg,TX,
394624,Gainesville,TX,23620,Gainesville,TX,
394678,Hereford,TX,25820,Hereford,TX,
394692,Houston,TX,26420,Houston-The Woodlands-Sugar Land,TX,
394699,Huntsville,TX,26660,Huntsville,TX,
394717,Jacksonville,TX,27380,Jacksonville,TX,
394742,Kerrville,TX,28500,Kerrville,TX,
394746,Killeen,TX,28660,Killeen-Temple,TX,
394749,Kingsville,TX,28780,Kingsville,TX,
394767,Lamesa,TX,29500,Lamesa,TX,
394772,Laredo,TX,29700,Laredo,TX,
394784,Levelland,TX,30220,Levelland,TX,
394803,Longview,TX,30980,Longview,TX,
394808,Lubbock,TX,31180,Lubbock,TX,
394809,Lufkin,TX,31260,Lufkin,TX,
394832,Marshall,TX,32220,Marshall,TX,
394843,McAllen,TX,32580,McAllen-Edinburg-Mission,TX,
394860,Midland,TX,33260,Midland,TX,
394864,Mineral Wells,TX,33420,Mineral Wells,TX,
394886,Mount Pleasant,TX,34420,Mount Pleasant,TX,
394899,Nacogdoches,TX,34860,Nacogdoches,TX,
394930,Odessa,TX,36220,Odessa,TX,
394956,Palestine,TX,37300,Palestine,TX,
394959,Pampa,TX,37420,Pampa,TX,
394963,Paris,TX,37580,Paris,TX,
,,,37770,Pearsall,TX,Yes
394968,Pecos,TX,37780,Pecos,TX,
394984,Plainview,TX,38380,Plainview,TX,
753914,Port Lavaca,TX,38920,Port Lavaca,TX,
395014,Raymondville,TX,39700,Raymondville,TX,
395024,Rio Grande City,TX,40100,Rio Grande City,TX,
395054,San Angelo,TX,41660,San Angelo,TX,
395055,San Antonio,TX,41700,San Antonio-New Braunfels,TX,
395094,Sherman,TX,43300,Sherman-Denison,TX,
395104,Snyder,TX,43660,Snyder,TX,
395129,Stephenville,TX,44500,Stephenville,TX,
395137,Sulphur Springs,TX,44860,Sulphur Springs,TX,
395142,Sweetwater,TX,45020,Sweetwater,TX,
395152,Texarkana,TX,45500,Texarkana,TX,
395174,Tyler,TX,46340,Tyler,TX,
395181,Uvalde,TX,46620,Uvalde,TX,
395188,Vernon,TX,46900,Vernon,TX,
395190,Victoria,TX,47020,Victoria,TX,
395197,Waco,TX,47380,Waco,TX,
395223,Wichita Falls,TX,48660,Wichita Falls,TX,
753929,Zapata,TX,49820,Zapata,TX,
394446,Cedar City,UT,16260,Cedar City,UT,
394674,Heber,UT,25720,Heber,UT,
394800,Logan,UT,30860,Logan,UT,
394931,Ogden,UT,36260,Ogden-Clearfield,UT,
395003,Price,UT,39220,Price,UT,
395006,Provo,UT,39340,Provo-Orem,UT,
395053,Salt Lake City,UT,41620,Salt Lake City,UT,
395119,St. George,UT,41100,St. George,UT,
753922,Summit Park,UT,44920,Summit Park,UT,
395187,Vernal,UT,46860,Vernal,UT,
753866,Big Stone Gap,VA,13720,Big Stone Gap,VA,
394392,Blacksburg,VA,13980,Blacksburg-Christiansburg-Radford,VA,
394459,Charlottesville,VA,16820,Charlottesville,VA,
394518,Danville,VA,19260,Danville,VA,
394668,Harrisonburg,VA,25500,Harrisonburg,VA,
394811,Lynchburg,VA,31340,Lynchburg,VA,
394836,Martinsville,VA,32300,Martinsville,VA,
395022,Richmond,VA,40060,Richmond,VA,
395028,Roanoke,VA,40220,Roanoke,VA,
395128,Staunton,VA,44420,Staunton-Waynesboro,VA,
395194,Virginia Beach,VA,47260,Virginia Beach-Norfolk-Newport News,VA,
395232,Winchester,VA,49020,Winchester,VA,
394362,Barre,VT,71050,Barre,VT,
394382,Bennington,VT,71350,Bennington,VT,
394429,Burlington,VT,72400,Burlington-South Burlington,VT,
395044,Rutland,VT,77650,Rutland,VT,
394298,Aberdeen,WA,10140,Aberdeen,WA,
394378,Bellingham,WA,13380,Bellingham,WA,
394412,Bremerton,WA,14740,Bremerton-Silverdale,WA,
394452,Centralia,WA,16500,Centralia,WA,
394567,Ellensburg,WA,21260,Ellensburg,WA,
394741,Kennewick,WA,28420,Kennewick-Richland,WA,
394804,Longview,WA,31020,Longview,WA,
394882,Moses Lake,WA,34180,Moses Lake,WA,
394890,Mount Vernon,WA,34580,Mount Vernon-Anacortes,WA,
394925,Oak Harbor,WA,36020,Oak Harbor,WA,
394937,Olympia,WA,36500,Olympia-Tumwater,WA,
753908,Othello,WA,36830,Othello,WA,
394994,Port Angeles,WA,38820,Port Angeles,WA,
395008,Pullman,WA,39420,Pullman,WA,
395078,Seattle,WA,42660,Seattle-Tacoma-Bellevue,WA,
395092,Shelton,WA,43220,Shelton,WA,
395113,Spokane,WA,44060,Spokane-Spokane Valley,WA,
395199,Walla Walla,WA,47460,Walla Walla,WA,
395218,Wenatchee,WA,48300,Wenatchee,WA,
395240,Yakima,WA,49420,Yakima,WA,
394334,Appleton,WI,11540,Appleton,WI,
394360,Baraboo,WI,12660,Baraboo,WI,
394373,Beaver Dam,WI,13180,Beaver Dam,WI,
394555,Eau Claire,WI,20740,Eau Claire,WI,
394599,Fond du Lac,WI,22540,Fond du Lac,WI,
394646,Green Bay,WI,24580,Green Bay,WI,
394720,Janesville,WI,27500,Janesville-Beloit,WI,
394756,La Crosse,WI,29100,La Crosse-Onalaska,WI,
394816,Madison,WI,31540,Madison,WI,
394822,Manitowoc,WI,31820,Manitowoc,WI,
394825,Marinette,WI,31940,Marinette,WI,
394850,Menomonie,WI,32860,Menomonie,WI,
394853,Merrill,WI,32980,Merrill,WI,
394862,Milwaukee,WI,33340,Milwaukee-Waukesha-West Allis,WI,
394944,Oshkosh,WI,36780,Oshkosh-Neenah,WI,
394985,Platteville,WI,38420,Platteville,WI,
395011,Racine,WI,39540,Racine,WI,
753918,Shawano,WI,43020,Shawano,WI,
395089,Sheboygan,WI,43100,Sheboygan,WI,
395132,Stevens Point,WI,44620,Stevens Point,WI,
395212,Watertown,WI,48020,Watertown-Fort Atkinson,WI,
395215,Wausau,WI,48140,Wausau,WI,
395222,Whitewater,WI,48580,Whitewater-Elkhorn,WI,
753928,Wisconsin Rapids-Marshfield,WI,49220,Wisconsin Rapids-Marshfield,WI,
394374,Beckley,WV,13220,Beckley,WV,
394396,Bluefield,WV,14140,Bluefield,WV,
394455,Charleston,WV,16620,Charleston,WV,
394469,Clarksburg,WV,17220,Clarksburg,WV,
753879,Elkins,WV,21180,Elkins,WV,
394582,Fairmont,WV,21900,Fairmont,WV,
394697,Huntington,WV,26580,Huntington-Ashland,WV,
753898,Logan,WV,30880,Logan,WV,
394879,Morgantown,WV,34060,Morgantown,WV,
394964,Parkersburg,WV,37620,Parkersburg-Vienna,WV,
394989,Point Pleasant,WV,38580,Point Pleasant,WV,
395217,Weirton,OH,48260,Weirton-Steubenville,WV,
395221,Wheeling,OH,48540,Wheeling,WV,
394445,Casper,WY,16220,Casper,WY,
394462,Cheyenne,WY,16940,Cheyenne,WY,
394578,Evanston,WY,21740,Evanston,WY,
394631,Gillette,WY,23940,Gillette,WY,
394713,Jackson,WY,27220,Jackson,WY,
394771,Laramie,WY,29660,Laramie,WY,
395026,Riverton,WY,40180,Riverton,WY,
395032,Rock Springs,WY,40540,Rock Springs,WY,
395093,Sheridan,WY,43260,Sheridan,WY,